{
  "SimAOU": [
    0.6481088399887085,
    0.047354597598314285,
    0.33530768752098083,
    0.0788283497095108,
    0.39439699053764343,
    0.0626840740442276,
    0.40615546703338623,
    0.17385652661323547,
    0.2627614140510559,
    0.3191775381565094,
    0.3495427370071411,
    0.2767525017261505,
    0.4845786392688751,
    0.4242985248565674,
    0.45400214195251465,
    0.45466235280036926,
    0.4044809639453888,
    0.3885062634944916,
    0.34578123688697815,
    0.47995635867118835,
    0.21544653177261353,
    0.2209124118089676,
    0.21001864969730377,
    0.5893356800079346
  ],
  "Random SimAOU": [
    -0.004012100789657456,
    0.005992778921807374,
    0.018917063355142896,
    0.018821825119488076,
    0.015339824089385065,
    0.005347406914963551,
    0.004837486067467247,
    -0.0010682426624016726,
    -0.004621915323968503,
    -0.004151956648323686,
    0.0010086431127087076,
    -0.00010643557954722445,
    -0.0003786973096805572,
    0.0029595617145469614,
    -0.003066707823712569,
    -0.0038871577279328317,
    -0.00010113266861547396,
    -0.006759287543772255,
    -0.005273587067143102,
    -0.007021370650749809,
    0.00038389721193139335,
    0.006131659086702328,
    -0.014892593894897431,
    -0.010104932338097072
  ],
  "ICL-FTZS SimAM": [
    -0.014699205756187439,
    -0.1407870650291443,
    -0.03442421555519104,
    0.5043966174125671,
    0.7429941892623901,
    0.708793044090271,
    0.644174337387085,
    0.4226643741130829,
    0.5481032133102417,
    0.14930886030197144,
    0.3860299587249756,
    0.68152916431427,
    0.5222956538200378,
    0.5690348148345947,
    0.4341897666454315,
    0.5100706815719604,
    0.7164581418037415,
    0.8078408241271973,
    0.7177431583404541,
    0.6283762454986572,
    0.41814321279525757,
    0.06415227055549622,
    -0.03621372953057289,
    0.08539405465126038
  ]
}