{
  "SimAOU": [
    0.04317639395594597,
    0.13560457527637482,
    0.3228074610233307,
    0.31071868538856506,
    0.4103960692882538,
    0.002303728135302663,
    0.16017410159111023,
    0.14499688148498535,
    0.27781885862350464,
    0.19953422248363495,
    0.1915426105260849,
    0.24960081279277802,
    0.2306605577468872,
    0.3158736228942871,
    0.2690497636795044,
    0.22623498737812042,
    0.2305906116962433,
    0.1457357406616211,
    0.2114821970462799,
    0.13923104107379913,
    0.09626208245754242,
    0.18276619911193848,
    0.18409323692321777,
    0.2541997730731964
  ],
  "Random SimAOU": [
    -0.003423761058559336,
    0.008126145949713498,
    0.019599849335177288,
    0.0197018436171916,
    0.013498156090664936,
    0.007409892933325888,
    0.0017161072662809096,
    -0.0022688781424784234,
    -0.00020864268129954847,
    0.011918020686132324,
    0.0036687394554791902,
    -0.0033881386655582497,
    0.002082305203296235,
    -0.0013588554940146501,
    -0.003915573646523256,
    -0.0009522038775704516,
    0.004360858275460405,
    0.0015992704719587293,
    0.004000428726443072,
    0.0066555055440014185,
    0.0075244168298200355,
    0.0017228667362457766,
    0.004290744959214483,
    -0.0003462168715515761
  ],
  "ICL-FTZS SimAM": [
    -0.03310813754796982,
    0.09564439952373505,
    0.7212960124015808,
    0.22273871302604675,
    -0.19283531606197357,
    0.23412492871284485,
    0.23523321747779846,
    0.43359407782554626,
    0.4685674011707306,
    0.514735758304596,
    0.29273682832717896,
    -0.018879178911447525,
    -0.04591599851846695,
    0.6293824315071106,
    0.3141807019710541,
    0.231000617146492,
    0.27325719594955444,
    0.4632945656776428,
    0.1772688329219818,
    0.26319050788879395,
    0.3035494387149811,
    0.17762519419193268,
    0.032709840685129166,
    0.32135000824928284
  ]
}