{
  "SimAOU": [
    -0.012084566988050938,
    0.04956881329417229,
    0.1666751652956009,
    0.25321006774902344,
    0.4723793566226959,
    0.05283389613032341,
    0.16544939577579498,
    0.16656415164470673,
    0.23237860202789307,
    0.2119472771883011,
    0.2329256683588028,
    0.3220427334308624,
    0.2529561221599579,
    0.360427588224411,
    0.22879041731357574,
    0.2728099226951599,
    0.18721340596675873,
    0.1309131234884262,
    0.1917978674173355,
    0.2738325297832489,
    0.09989714622497559,
    0.2194349765777588,
    0.265982985496521,
    0.302072137594223
  ],
  "Random SimAOU": [
    -0.005634022226755626,
    0.009803736696985473,
    0.017586814187405358,
    0.015407458191732792,
    0.012197917747009424,
    0.009332706424235846,
    0.0043408534766768295,
    -0.003822780132372865,
    -0.0011060391409755271,
    0.010077786354738353,
    0.004796734227424986,
    0.0015175042520323557,
    -0.0034257903683054445,
    -0.0004403516054229093,
    -0.0034652534890222274,
    0.00119580732520224,
    -0.0005154571734644547,
    2.1894416878281164e-05,
    0.004352788876191666,
    -6.522027646441685e-05,
    0.005558018633222385,
    0.0055070011895758065,
    0.006786154253287753,
    -0.004887046214871182
  ],
  "ICL-FTZS SimAM": [
    -0.038579992949962616,
    -0.13875195384025574,
    0.6392266154289246,
    0.17979638278484344,
    0.019813749939203262,
    0.4063982665538788,
    0.3541552722454071,
    0.30947446823120117,
    0.4994026720523834,
    0.43299755454063416,
    0.3634091913700104,
    0.3292469084262848,
    -0.06358879804611206,
    0.49664178490638733,
    0.25602784752845764,
    0.47225332260131836,
    0.4273355305194855,
    0.27147388458251953,
    0.06881889700889587,
    0.07954592257738113,
    0.17863869667053223,
    0.02535131573677063,
    -0.08080888539552689,
    0.15318341553211212
  ]
}