{
  "SimAOU": [
    0.3815404176712036,
    -0.038322482258081436,
    0.31456258893013,
    0.19578661024570465,
    0.4572075307369232,
    0.34976181387901306,
    0.3957037329673767,
    0.3047846257686615,
    0.39154478907585144,
    0.4008392095565796,
    0.4525984525680542,
    0.45157188177108765,
    0.4286116063594818,
    0.4126754105091095,
    0.37631213665008545,
    0.42502933740615845,
    0.3431428074836731,
    0.4452887773513794,
    0.4585849642753601,
    0.44159412384033203,
    0.12196861207485199,
    0.20965047180652618,
    0.18298929929733276,
    0.012975728139281273
  ],
  "Random SimAOU": [
    0.0005889447678710863,
    0.0013540587837790091,
    0.01896430398189634,
    0.009767851808068903,
    0.004796378783907873,
    0.003279446019929616,
    0.012084477735036963,
    -0.0022275514404661357,
    -0.0007339904831356285,
    -0.00463966391316956,
    -0.010068881000085936,
    0.0007480774857441127,
    -0.005504539664394749,
    0.0031731505949126127,
    0.003631836425237918,
    -0.0008700245451140801,
    -0.005178314186054218,
    -0.0014829370436293106,
    -0.005701498868226405,
    -0.008941855982907294,
    -0.0022749383838734753,
    -0.000775395581630144,
    0.003131248576027346,
    0.0021335623350950362
  ],
  "ICL-FTZS SimAM": [
    0.03865121304988861,
    0.17712567746639252,
    0.30059942603111267,
    0.4552476406097412,
    0.5351746678352356,
    0.6186589002609253,
    0.5791013240814209,
    0.5066012144088745,
    0.37444376945495605,
    0.07181333005428314,
    0.5014019012451172,
    0.5273403525352478,
    0.44933855533599854,
    0.4908296763896942,
    0.5110886096954346,
    0.15810902416706085,
    0.3229201138019562,
    0.45940905809402466,
    0.4255395233631134,
    0.2455044686794281,
    -0.162675678730011,
    -0.3034621477127075,
    -0.5301250219345093,
    -0.32193365693092346
  ]
}