{
  "SimAOU": [
    0.4449745714664459,
    -0.2238311618566513,
    -0.04152104631066322,
    0.07362997531890869,
    0.1696183830499649,
    0.20204128324985504,
    0.2968634068965912,
    0.31631284952163696,
    0.22802630066871643,
    0.27848020195961,
    0.265188068151474,
    0.19199740886688232,
    0.17267678678035736,
    0.19078458845615387,
    0.19641561806201935,
    0.14899154007434845,
    0.11950511485338211,
    0.16104134917259216,
    0.14153051376342773,
    0.40874019265174866,
    0.17683467268943787,
    0.594339907169342,
    0.5507466197013855,
    0.027919279411435127
  ],
  "Random SimAOU": [
    -0.009914259882764594,
    0.011021272775088011,
    0.0202190274293645,
    0.016443041315660264,
    0.004111438437409238,
    0.006559481815292521,
    0.012427400436248012,
    -0.004730813578532175,
    -0.0012875741825316086,
    -0.007433895914176017,
    -0.007173490611998156,
    -0.0008394008164491447,
    -0.002304430187781483,
    0.005638588571576446,
    0.005189923718943415,
    -0.001938531035640684,
    -0.0009692964170960022,
    -0.0008816269315798,
    -0.002803898922335509,
    -0.0076441806985942185,
    -0.003151892886647932,
    -0.001131782661354168,
    0.008767108314284492,
    0.009238711039021788
  ],
  "ICL-FTZS SimAM": [
    -0.062413014471530914,
    0.6250925064086914,
    0.6446999907493591,
    0.5877082943916321,
    0.33592984080314636,
    0.3460001051425934,
    0.3521258234977722,
    0.28878748416900635,
    0.3117371201515198,
    0.391049861907959,
    0.11713909357786179,
    0.36424529552459717,
    0.12626734375953674,
    0.22983449697494507,
    0.31100329756736755,
    0.35459503531455994,
    0.4611700475215912,
    0.45404136180877686,
    0.41233667731285095,
    0.3958999514579773,
    0.04773907735943794,
    -0.08024852722883224,
    -0.17383573949337006,
    0.10303766280412674
  ]
}