{
  "SimAOU": [
    -0.057419341057538986,
    -0.11548177897930145,
    0.1733795404434204,
    0.21865668892860413,
    0.14196118712425232,
    -0.10358963161706924,
    0.10262691229581833,
    0.2447739541530609,
    0.07301582396030426,
    0.025849826633930206,
    0.0764075219631195,
    0.12429360300302505,
    0.16226017475128174,
    0.14210127294063568,
    0.11596344411373138,
    0.0744704082608223,
    0.07948608696460724,
    -0.0028320138808339834,
    0.05028786510229111,
    -0.17565102875232697,
    0.15550681948661804,
    -0.0018278952920809388,
    0.11054263263940811,
    0.3155544102191925
  ],
  "Random SimAOU": [
    0.0006169923288734911,
    0.009020528494607603,
    0.019621846739380742,
    0.0168206732053497,
    0.010677900599126273,
    0.005333366503317821,
    0.007382998022695764,
    2.0344796915745698e-05,
    -0.0005646274938516782,
    -0.005660541856543039,
    -0.00887418846176141,
    0.003742421037600105,
    0.0008554695287718909,
    0.0021424849399372995,
    0.0027705416420775856,
    -0.0006950311346593997,
    -0.0010036320212208918,
    -0.0028127695796395773,
    0.0007158224230765929,
    0.002241271292489556,
    -0.003747187336746937,
    0.002045299816618121,
    0.0015253270215574842,
    -0.0003199444792997094
  ],
  "ICL-FTZS SimAM": [
    0.0013302067527547479,
    0.04681456834077835,
    0.10075809806585312,
    0.2707773447036743,
    0.27932244539260864,
    0.2910413146018982,
    0.3182448148727417,
    0.2678186595439911,
    0.21679523587226868,
    0.3606320023536682,
    0.37960559129714966,
    0.5148484110832214,
    0.5627427101135254,
    0.6232566833496094,
    0.7989693880081177,
    0.5264852046966553,
    0.5553580522537231,
    0.6801102757453918,
    0.4188542068004608,
    0.30977585911750793,
    -0.057053033262491226,
    -0.20607851445674896,
    -0.0332341231405735,
    -0.028089463710784912
  ]
}