{
  "SimAOU": [
    0.6382648348808289,
    0.07321534305810928,
    0.5408142805099487,
    0.23074732720851898,
    0.5643408894538879,
    0.2625412046909332,
    0.38083615899086,
    0.22325944900512695,
    0.3563547432422638,
    0.23911108076572418,
    0.28634363412857056,
    0.2933174669742584,
    0.3997989296913147,
    0.34997275471687317,
    0.3954547047615051,
    0.4372318685054779,
    0.37788453698158264,
    0.4612868130207062,
    0.5005916953086853,
    0.4664909541606903,
    0.2316458523273468,
    0.08097095042467117,
    0.15867678821086884,
    0.37675735354423523
  ],
  "Random SimAOU": [
    -0.004096337212682994,
    0.006914091398213667,
    0.020814282416489516,
    0.015818110602219798,
    0.010529804198042583,
    0.009424788740525181,
    0.0038113776089031995,
    -0.0029878056926910903,
    -0.0017369925947088808,
    0.012755061854176802,
    0.0026396925660287555,
    0.0012960077884249578,
    -0.002550348153970789,
    -0.000827971595712887,
    -0.003988208341598107,
    0.00029142362112405005,
    0.0027521231722356927,
    0.0015447618581195706,
    0.00815963787385853,
    0.0038226809799484537,
    0.009617485375038762,
    -4.729062347334084e-06,
    0.003816364841077896,
    -0.000626740920559881
  ],
  "ICL-FTZS SimAM": [
    0.18106873333454132,
    -0.03261905163526535,
    -0.0982365608215332,
    0.3212415277957916,
    0.6904370188713074,
    0.6520795822143555,
    0.6343427300453186,
    0.36227384209632874,
    0.4676230549812317,
    0.1651155650615692,
    0.35144439339637756,
    0.6069830656051636,
    0.47746774554252625,
    0.45969000458717346,
    0.45676103234291077,
    0.19316545128822327,
    0.45945948362350464,
    0.6123909950256348,
    0.7426515817642212,
    0.6972588896751404,
    0.484524667263031,
    0.25187918543815613,
    0.02717200107872486,
    0.12058068811893463
  ]
}