{
  "SimAOU": [
    0.39973607659339905,
    -0.25603675842285156,
    0.023402856662869453,
    -0.09541213512420654,
    -0.16314616799354553,
    0.20132866501808167,
    0.1409759819507599,
    0.08149664103984833,
    0.10133150964975357,
    0.1105058416724205,
    0.025835644453763962,
    0.02873838134109974,
    0.10935314744710922,
    0.047817882150411606,
    0.08585468679666519,
    0.08210500329732895,
    0.06585413962602615,
    0.2344081997871399,
    0.21226252615451813,
    0.39315444231033325,
    0.34910327196121216,
    0.3635796010494232,
    -0.037790194153785706,
    -0.027324216440320015
  ],
  "Random SimAOU": [
    6.370095281880987e-05,
    0.00867224968891604,
    0.020777809877019555,
    0.017726093743846434,
    0.0060804645515118595,
    0.005900873885466277,
    0.007437900083438286,
    0.0031511141204537472,
    -0.0009246121429031365,
    -0.00825502635223734,
    -0.01026107684620137,
    0.004618125711734508,
    -0.0002204053457569166,
    0.003135345264046533,
    0.0019997922687200504,
    -0.0019694262205608654,
    -0.003970702426827362,
    -0.005145225777024199,
    -0.001356371435857419,
    -0.003462071090070989,
    -0.0036769875964582184,
    0.0016827409055766606,
    0.002482415293596812,
    -0.0005279873047640991
  ],
  "ICL-FTZS SimAM": [
    -0.047940295189619064,
    0.6248383522033691,
    0.5652730464935303,
    0.6419015526771545,
    0.4933529794216156,
    0.5079330801963806,
    0.5759938955307007,
    0.5525982975959778,
    0.6227985620498657,
    0.4652232527732849,
    0.3659033477306366,
    0.44874876737594604,
    0.294572114944458,
    0.21691633760929108,
    0.041290462017059326,
    0.14265035092830658,
    0.14440080523490906,
    0.18574750423431396,
    0.0734831690788269,
    0.13803133368492126,
    0.13756181299686432,
    0.08463211357593536,
    0.15724025666713715,
    0.2254301905632019
  ]
}