{
  "SimAOU": [
    0.38403093814849854,
    0.03285476937890053,
    -0.08044677972793579,
    -0.18466515839099884,
    0.13298654556274414,
    0.042090851813554764,
    0.28908276557922363,
    0.26624858379364014,
    0.19846349954605103,
    0.22264990210533142,
    0.26847535371780396,
    0.2971031963825226,
    0.3199213445186615,
    0.317469984292984,
    0.37678998708724976,
    0.3116857707500458,
    0.3484865725040436,
    0.1769680231809616,
    0.24076257646083832,
    0.18249905109405518,
    0.2081228494644165,
    0.0347929522395134,
    0.14198178052902222,
    0.05165151506662369
  ],
  "Random SimAOU": [
    -0.001251828824742377,
    -0.0006006550082709335,
    0.021538437391932688,
    0.020013604588689105,
    0.008059600899899075,
    0.004578081289003119,
    0.008891580954974002,
    -0.005649860903668751,
    0.0026394458140337417,
    -0.0023183207624044425,
    -0.009827925838161439,
    0.00407170898853072,
    0.0008100586723331545,
    0.0007316226874443772,
    0.002479118796621304,
    -0.0017296907499916732,
    -0.004425919248214005,
    -0.0013459075084165347,
    0.002684196768151093,
    -0.009563455449814644,
    -0.0012059582282799427,
    0.007326941537281334,
    0.006200490621428656,
    -0.0004408809954730926
  ],
  "ICL-FTZS SimAM": [
    -0.004950687289237976,
    -0.48915231227874756,
    -0.478819876909256,
    -0.17205189168453217,
    0.16517627239227295,
    0.35212311148643494,
    0.1857699304819107,
    0.21439391374588013,
    0.3639979958534241,
    0.42328211665153503,
    0.467159241437912,
    0.51828533411026,
    0.7003992795944214,
    0.510741114616394,
    0.6090064644813538,
    0.506965160369873,
    0.6155135631561279,
    0.8106510639190674,
    0.5580494403839111,
    0.42274945974349976,
    0.23293635249137878,
    0.020987268537282944,
    0.1638299822807312,
    0.16648736596107483
  ]
}