{
  "SimAOU": [
    0.6522213816642761,
    0.09190381318330765,
    0.5350047945976257,
    0.17276480793952942,
    0.5627797245979309,
    0.24508510529994965,
    0.38066229224205017,
    0.23298510909080505,
    0.31743428111076355,
    0.2179630547761917,
    0.2856537699699402,
    0.28564906120300293,
    0.42508479952812195,
    0.32910028100013733,
    0.3543083667755127,
    0.39630836248397827,
    0.3773283362388611,
    0.41544681787490845,
    0.4850504696369171,
    0.5566551089286804,
    0.18229298293590546,
    0.07343973219394684,
    0.1564301997423172,
    0.5118087530136108
  ],
  "Random SimAOU": [
    -0.0028941874764086546,
    0.011141304081383705,
    0.019539845552383247,
    0.016063200463675566,
    0.01568087967906462,
    0.007303810164769518,
    0.0013836626804871904,
    -0.003916149605001956,
    0.0005441983720497756,
    0.010532414243806734,
    0.005525135745184984,
    0.000787987037671737,
    -0.0031255095558399325,
    0.0010984030758602605,
    -0.004524076585345008,
    -0.0010056484192546686,
    0.003670621756984147,
    -0.003819828037099768,
    0.0028822589552181125,
    -0.0008976163409999133,
    0.0028651474534540653,
    0.0038209858084185494,
    0.006067962966180428,
    -0.0034916220273810976
  ],
  "ICL-FTZS SimAM": [
    0.15137310326099396,
    -0.049051474779844284,
    -0.10319942981004715,
    0.3173842430114746,
    0.7070010900497437,
    0.6450190544128418,
    0.6486797332763672,
    0.3891420364379883,
    0.48767217993736267,
    0.16750237345695496,
    0.35390204191207886,
    0.5947039723396301,
    0.3864760100841522,
    0.37135735154151917,
    0.34081315994262695,
    0.06787953525781631,
    0.37628597021102905,
    0.5779086351394653,
    0.7523437738418579,
    0.72782963514328,
    0.4997480511665344,
    0.2502050995826721,
    0.0463925339281559,
    0.17902402579784393
  ]
}