{
  "SimAOU": [
    -0.0727180615067482,
    0.0331306979060173,
    0.3350583016872406,
    0.3310568928718567,
    0.5707007050514221,
    0.5175758004188538,
    0.521659255027771,
    0.32069262862205505,
    0.2157241404056549,
    0.35550612211227417,
    0.36760327219963074,
    0.3722022771835327,
    0.4235643446445465,
    0.44456371665000916,
    0.39773234724998474,
    0.3635854125022888,
    0.30324068665504456,
    0.2973783314228058,
    0.36275696754455566,
    0.4250824451446533,
    0.2963009178638458,
    0.2923327684402466,
    0.16409660875797272,
    0.5898340940475464
  ],
  "Random SimAOU": [
    -0.004784935574507641,
    0.005747849893835182,
    0.019444412195767577,
    0.01972609730645958,
    0.01365812325983857,
    0.007468043499662657,
    0.00679831693196745,
    -0.0013308011229804144,
    -0.0038702787991217683,
    -0.0037165833682483345,
    0.00647572334295133,
    0.0005471057240630243,
    -0.0007300980078358001,
    0.002599807176370667,
    -0.0028936312505911306,
    -0.0029205392788987806,
    -0.0009991972903181828,
    -0.005598861487234166,
    -0.0035360242682633872,
    -0.006439197214665409,
    0.0022083319667451883,
    0.005002380855435732,
    -0.009311921014700675,
    -0.01144330332826023
  ],
  "ICL-FTZS SimAM": [
    -0.032512366771698,
    0.07513777166604996,
    0.6729635000228882,
    0.7553561329841614,
    0.7400793433189392,
    0.7927637696266174,
    0.7058202028274536,
    0.7073171138763428,
    0.8599442839622498,
    0.3778937757015228,
    0.01647525280714035,
    0.1276155412197113,
    0.660018265247345,
    0.8301961421966553,
    0.7769515514373779,
    0.6517345309257507,
    0.9129810929298401,
    0.8830742835998535,
    0.7651472091674805,
    0.6598625779151917,
    0.526164174079895,
    0.2839069664478302,
    0.26502725481987,
    0.4540950357913971
  ]
}