{
  "SimAOU": [
    0.11825592070817947,
    -0.13713175058364868,
    -0.02043231390416622,
    0.3003046214580536,
    0.19622986018657684,
    0.10127928853034973,
    0.1772116869688034,
    0.13919857144355774,
    0.031068164855241776,
    0.14445191621780396,
    0.15182983875274658,
    0.13764885067939758,
    0.22825279831886292,
    0.19090987741947174,
    0.21467243134975433,
    0.16918130218982697,
    0.19657833874225616,
    0.11586251109838486,
    0.13768626749515533,
    -0.1767256110906601,
    0.17099866271018982,
    -0.023713471367955208,
    -0.23357941210269928,
    0.3876866400241852
  ],
  "Random SimAOU": [
    -0.009950008958542688,
    0.011866074012782623,
    0.020272677166967717,
    0.016986213864048777,
    0.004472493145655275,
    0.006871534829785868,
    0.011656681924581275,
    -0.0043477986256078936,
    -0.0021309083605747406,
    -0.007133783277390138,
    -0.00733446873737982,
    -0.0008469933139782586,
    -0.0016977258922834643,
    0.005382322409925195,
    0.004991861211120907,
    -0.002015874155175756,
    -0.0014064306678714168,
    -0.0012195719542897148,
    -0.0029564542842788247,
    -0.006545248501847469,
    -0.00360253610276748,
    -0.000697889873681696,
    0.008497037541956085,
    0.009973637123842442
  ],
  "ICL-FTZS SimAM": [
    0.009182121604681015,
    -0.32059091329574585,
    -0.4177803695201874,
    -0.2645292580127716,
    -0.1418759971857071,
    0.1007513552904129,
    -0.057907525449991226,
    -0.09335619956254959,
    0.08475025743246078,
    0.3805905878543854,
    0.20084472000598907,
    0.2700278162956238,
    0.34143736958503723,
    0.4647787809371948,
    0.4993915259838104,
    0.4621369242668152,
    0.6576220989227295,
    0.7739080190658569,
    0.6108571887016296,
    0.3940993547439575,
    -0.079337477684021,
    -0.2809984087944031,
    -0.28319311141967773,
    -0.2072719782590866
  ]
}