{
  "SimAOU": [
    0.42001160979270935,
    -0.016857672482728958,
    0.30909428000450134,
    0.16933688521385193,
    0.41154783964157104,
    0.35349395871162415,
    0.4223244786262512,
    0.25845867395401,
    0.40094608068466187,
    0.38524535298347473,
    0.45923686027526855,
    0.44905272126197815,
    0.4467480778694153,
    0.4304216504096985,
    0.40273821353912354,
    0.44897472858428955,
    0.33194026350975037,
    0.5340769290924072,
    0.4880950450897217,
    0.49177297949790955,
    0.12295449525117874,
    0.10376144200563431,
    0.1309298723936081,
    0.06797316670417786
  ],
  "Random SimAOU": [
    -4.2628971044136626e-05,
    0.0024007736976819323,
    0.020575577577883267,
    0.011306419603129315,
    0.006211942029419258,
    0.005586788413277842,
    0.014160407672490721,
    -0.0018090703672628322,
    -0.0008088048139382119,
    -0.004073786489156061,
    -0.007746706414432185,
    -0.0018628486338962964,
    -0.005932057912873011,
    0.0012436211867371172,
    0.0035900317352077237,
    -0.0008510770912296321,
    -0.004491746927372105,
    0.0007135204145816602,
    -0.005589844592229696,
    -0.009247338873338368,
    -0.0010104575821787292,
    0.004348905845959862,
    0.007753833280307209,
    0.0016902601529528976
  ],
  "ICL-FTZS SimAM": [
    0.030695848166942596,
    0.13605278730392456,
    0.3048393428325653,
    0.4635297656059265,
    0.534433901309967,
    0.5921001434326172,
    0.5514102578163147,
    0.48568812012672424,
    0.35457843542099,
    0.07025949656963348,
    0.4851480722427368,
    0.5009856224060059,
    0.41898640990257263,
    0.4851314127445221,
    0.5148584246635437,
    0.15613912045955658,
    0.3187815248966217,
    0.45787250995635986,
    0.4212133586406708,
    0.19200830161571503,
    -0.14767250418663025,
    -0.2934253215789795,
    -0.5110952258110046,
    -0.3280036151409149
  ]
}