{
  "SimAOU": [
    0.47429159283638,
    -0.03807565197348595,
    0.28054678440093994,
    0.18062837421894073,
    0.5705221891403198,
    0.43957746028900146,
    0.311872661113739,
    0.3088923692703247,
    0.40072235465049744,
    0.4020567536354065,
    0.4639938473701477,
    0.45799458026885986,
    0.4233132302761078,
    0.4277401268482208,
    0.39449387788772583,
    0.4295155704021454,
    0.2549428939819336,
    0.494894802570343,
    0.564421534538269,
    0.5158224701881409,
    0.34755510091781616,
    0.1072995588183403,
    0.15917645394802094,
    0.09068039804697037
  ],
  "Random SimAOU": [
    -0.0009737301996072848,
    0.003393246149525366,
    0.021611035027608843,
    0.020619291782896725,
    0.008588099095454898,
    0.003689499629017751,
    0.009244898039418368,
    -0.0036710961299094096,
    0.002380459063777418,
    -0.004940303937667619,
    -0.009767071384686448,
    0.004260381082768362,
    0.0031358034677672346,
    0.0011921366621135666,
    0.0028778407987808904,
    -0.0012465119180369729,
    -0.004990830854543845,
    -0.0016846795127345411,
    0.0008671977738340608,
    -0.004704118104599419,
    -0.00023865078136878315,
    0.007027013940348877,
    0.002435683543287928,
    0.0035090960445467337
  ],
  "ICL-FTZS SimAM": [
    0.02042137086391449,
    0.07976515591144562,
    0.29543304443359375,
    0.5434855818748474,
    0.6229193806648254,
    0.7920811772346497,
    0.6266059279441833,
    0.47705206274986267,
    0.4190216064453125,
    0.03862348943948746,
    0.33589640259742737,
    0.3833903968334198,
    0.4063228666782379,
    0.43266963958740234,
    0.5198717713356018,
    0.1640588790178299,
    0.4218551814556122,
    0.5132753252983093,
    0.5694515109062195,
    0.5390468239784241,
    0.2055658996105194,
    -0.21067926287651062,
    -0.34146493673324585,
    -0.22656755149364471
  ]
}