{
  "SimAOU": [
    -0.08350566774606705,
    0.1172141432762146,
    0.23692941665649414,
    0.34716081619262695,
    0.4304846227169037,
    -0.015675749629735947,
    0.10986966639757156,
    0.10653237998485565,
    0.20270083844661713,
    0.20250201225280762,
    0.2261185348033905,
    0.2786237895488739,
    0.29064688086509705,
    0.37284284830093384,
    0.23234941065311432,
    0.2176165133714676,
    0.21190449595451355,
    0.15395191311836243,
    0.1267825812101364,
    0.18422354757785797,
    0.07111259549856186,
    0.24847006797790527,
    0.23171278834342957,
    0.23373772203922272
  ],
  "Random SimAOU": [
    -0.002827745911655887,
    0.010838942096426458,
    0.019639100534037276,
    0.018089311192454792,
    0.007069277478489867,
    0.007358190863689338,
    0.00712033084691503,
    -0.0037569975269237076,
    -0.004040192740305175,
    0.00887506711630399,
    0.0035761619210793057,
    -0.0004956243788109114,
    0.0007202055859577864,
    -0.0031119000355249483,
    -0.007385152504694111,
    -0.0014493122127840073,
    -0.0017559478360814266,
    0.00016219538270172525,
    0.0039356686725093805,
    0.0003810924403270043,
    0.007592682181877369,
    0.0012090898200371673,
    0.0015625559692292617,
    -0.0006967916962047801
  ],
  "ICL-FTZS SimAM": [
    -0.07814770191907883,
    0.23743022978305817,
    0.7510861158370972,
    0.22636745870113373,
    -0.10680956393480301,
    0.44162988662719727,
    0.33155012130737305,
    0.17987701296806335,
    0.3667755126953125,
    0.1910824328660965,
    0.2686646580696106,
    0.3393075168132782,
    0.06227876618504524,
    0.6360960602760315,
    0.4261994957923889,
    0.17765192687511444,
    0.42415618896484375,
    0.4233047068119049,
    0.10139834880828857,
    0.05197050794959068,
    0.08649560064077377,
    0.099894680082798,
    0.09338542073965073,
    0.22286787629127502
  ]
}