{
  "SimAOU": [
    0.3928603529930115,
    -0.2895299792289734,
    -0.00813202653080225,
    -0.10610383749008179,
    -0.20100551843643188,
    0.17416130006313324,
    0.1527613252401352,
    0.03248867020010948,
    0.08582573384046555,
    0.07853502035140991,
    0.06548523157835007,
    0.033833183348178864,
    0.12619444727897644,
    0.062138915061950684,
    0.08712586760520935,
    0.08298030495643616,
    0.12579818069934845,
    0.29040083289146423,
    0.28030580282211304,
    0.4083908200263977,
    0.34711775183677673,
    0.356653094291687,
    0.03070787712931633,
    -0.05221352353692055
  ],
  "Random SimAOU": [
    -0.000219478971843332,
    0.009482993736409918,
    0.019960285359801894,
    0.01761343206323618,
    0.010041304000546706,
    0.006400026546782815,
    0.007782101837098451,
    -7.379506597955997e-05,
    -3.327740811639402e-05,
    -0.005941029047702386,
    -0.009808149639708004,
    0.004125128423033478,
    0.0006547518710207132,
    0.0022626373364443733,
    0.0024124715308832916,
    -0.0005946293638410076,
    -0.0016764911655150153,
    -0.0026302571310358206,
    0.0008235051915374841,
    0.0018510364291911296,
    -0.004378327939350484,
    0.0029929899000876096,
    0.0014278350071702539,
    -0.0010785040813826698
  ],
  "ICL-FTZS SimAM": [
    -0.03936188295483589,
    0.662878155708313,
    0.5726819634437561,
    0.6695029735565186,
    0.5140825510025024,
    0.5460492968559265,
    0.6023549437522888,
    0.5981109142303467,
    0.6391042470932007,
    0.47790706157684326,
    0.3544093370437622,
    0.42374730110168457,
    0.23912204802036285,
    0.19563142955303192,
    0.04614608734846115,
    0.15526799857616425,
    0.1171216294169426,
    0.1367165893316269,
    0.051319271326065063,
    0.14504849910736084,
    0.21548007428646088,
    0.15067651867866516,
    0.2079983353614807,
    0.2361484318971634
  ]
}