{
  "SimAOU": [
    0.4056532084941864,
    -0.0004706267500296235,
    0.30939608812332153,
    0.14455431699752808,
    0.3794545829296112,
    0.34886252880096436,
    0.39715060591697693,
    0.248836949467659,
    0.40588775277137756,
    0.3798060119152069,
    0.4551454484462738,
    0.4441525340080261,
    0.44339242577552795,
    0.4092214107513428,
    0.3726833164691925,
    0.4430234432220459,
    0.3240504562854767,
    0.489724338054657,
    0.4191064238548279,
    0.47172391414642334,
    0.13636915385723114,
    0.12732455134391785,
    0.11866940557956696,
    0.030720895156264305
  ],
  "Random SimAOU": [
    -0.001598545668547351,
    0.0007703027192994453,
    0.019855012801343795,
    0.011025979963007346,
    0.006216033609980642,
    0.003977684495171419,
    0.01357725734483415,
    -0.003051313991543329,
    -0.0017732459679484667,
    -0.0059371290397400136,
    -0.00880211258756111,
    -0.000801726833296908,
    -0.005705971720886451,
    0.002824949994445482,
    0.0026613896103540938,
    0.0015198984308514572,
    -0.004098710067015023,
    -0.00168878116568435,
    -0.005572285723280554,
    -0.00825396904464597,
    -0.0025215908999744584,
    0.0025783790886376758,
    0.00720845019709108,
    7.70766787057735e-05
  ],
  "ICL-FTZS SimAM": [
    0.021348511800169945,
    0.18918804824352264,
    0.35809606313705444,
    0.4854450523853302,
    0.5462212562561035,
    0.5753094553947449,
    0.5445998907089233,
    0.49628859758377075,
    0.3575902581214905,
    0.07327227294445038,
    0.4993754029273987,
    0.5083476305007935,
    0.44792842864990234,
    0.4819527864456177,
    0.5102576017379761,
    0.16824059188365936,
    0.30201852321624756,
    0.45923927426338196,
    0.4185372591018677,
    0.18931123614311218,
    -0.18353062868118286,
    -0.31346356868743896,
    -0.5228164792060852,
    -0.3307771384716034
  ]
}