{
  "SimAOU": [
    0.39061424136161804,
    -0.3347715437412262,
    0.00423643970862031,
    -0.1294674128293991,
    -0.10907552391290665,
    0.1509169042110443,
    0.09646463394165039,
    0.03622332587838173,
    0.05408298596739769,
    0.09850233793258667,
    0.06591271609067917,
    0.05811876058578491,
    0.16253477334976196,
    0.05644426867365837,
    0.0962676852941513,
    0.08301661163568497,
    0.10486578941345215,
    0.2779003977775574,
    0.2885076403617859,
    0.47219473123550415,
    0.32518938183784485,
    0.4594406187534332,
    0.037187252193689346,
    -0.04345172271132469
  ],
  "Random SimAOU": [
    0.0009324241780350814,
    0.003912877793263103,
    0.02086419177803599,
    0.01913938010103461,
    0.007462812473648218,
    0.004999498749164426,
    0.007297908705286886,
    -0.0010174751629345488,
    -0.0009298920056850797,
    -0.007626218976359403,
    -0.011838017476923772,
    0.0030150316434101837,
    -0.0007864270156741903,
    0.0003590997735550879,
    0.003322440008546847,
    -0.0008355395273570126,
    -0.0026446471872217363,
    -0.0030611172464544115,
    -0.0008619061561194731,
    -0.0031232112132024864,
    -0.0058993903193040615,
    0.0020770579710215134,
    0.006433573220952744,
    0.0019182146600749258
  ],
  "ICL-FTZS SimAM": [
    -0.03192051872611046,
    0.6479792594909668,
    0.5499995946884155,
    0.6374178528785706,
    0.5315536856651306,
    0.5679982304573059,
    0.629241406917572,
    0.624483048915863,
    0.6475750803947449,
    0.48906922340393066,
    0.35108062624931335,
    0.4163355529308319,
    0.22473309934139252,
    0.13098476827144623,
    -0.026810184121131897,
    0.15580280125141144,
    0.12092714011669159,
    0.1527823656797409,
    0.09562408179044724,
    0.18761323392391205,
    0.22559981048107147,
    0.13067802786827087,
    0.20420101284980774,
    0.2543046474456787
  ]
}