{
  "SimAOU": [
    0.43439510464668274,
    -0.014260401949286461,
    0.27787071466445923,
    0.15131957828998566,
    0.5358648300170898,
    0.4395799934864044,
    0.3094976842403412,
    0.2232605367898941,
    0.40957027673721313,
    0.42302393913269043,
    0.4570402204990387,
    0.4329175353050232,
    0.44418010115623474,
    0.4222617447376251,
    0.4085119366645813,
    0.4243575930595398,
    0.2712782025337219,
    0.46100184321403503,
    0.4610464870929718,
    0.4849231541156769,
    0.31957483291625977,
    0.11464563012123108,
    0.15575112402439117,
    0.10129731893539429
  ],
  "Random SimAOU": [
    -0.00048528092826644514,
    0.0001579719064074904,
    0.020213473215322873,
    0.019962730988637573,
    0.009063974234346286,
    0.003834703407083648,
    0.010606596751597702,
    -0.005502022987196547,
    0.0012792976354828055,
    -0.004490755798552117,
    -0.009816474639024488,
    0.0039968835241638865,
    0.0026555450267421355,
    0.0017140746977576935,
    0.0029621240025104077,
    -0.0020178352738983527,
    -0.00486002901086637,
    -0.0013498790637874053,
    0.0024516868142375556,
    -0.006593708159500237,
    -7.560883432881763e-06,
    0.00711536397704907,
    0.006789473412422405,
    0.002412827625816595
  ],
  "ICL-FTZS SimAM": [
    0.02471253089606762,
    0.08756168931722641,
    0.3823721706867218,
    0.5396140813827515,
    0.5854394435882568,
    0.7699999809265137,
    0.6019370555877686,
    0.4680481553077698,
    0.39498603343963623,
    0.036818284541368484,
    0.3756884038448334,
    0.38702070713043213,
    0.44491875171661377,
    0.4400715231895447,
    0.5342105627059937,
    0.18097348511219025,
    0.43695008754730225,
    0.5210412740707397,
    0.5646560192108154,
    0.5370944738388062,
    0.19814591109752655,
    -0.2501676380634308,
    -0.3725551664829254,
    -0.24119214713573456
  ]
}