{
  "SimAOU": [
    -0.01954902708530426,
    -0.13098451495170593,
    0.11888337135314941,
    0.255866140127182,
    0.06338710337877274,
    -0.009045848622918129,
    0.09922897070646286,
    0.22897963225841522,
    0.1055128201842308,
    0.07721962779760361,
    0.0658903494477272,
    0.1222032755613327,
    0.16542713344097137,
    0.10638606548309326,
    0.1357572078704834,
    0.08552639931440353,
    0.1046755388379097,
    0.051353923976421356,
    0.05695170909166336,
    -0.2237703502178192,
    0.2266884297132492,
    -0.06874120980501175,
    0.12892232835292816,
    0.3717237114906311
  ],
  "Random SimAOU": [
    0.001007898178571703,
    0.004164614166779462,
    0.02076901629959361,
    0.019189685734028277,
    0.007462953025715496,
    0.005450403381449465,
    0.007075726764460749,
    -0.0010298996643222271,
    -0.002307671266968122,
    -0.007297949773679671,
    -0.011755022001889234,
    0.003271325954416492,
    -0.001376093790792093,
    -0.00023156172928582233,
    0.0029971269108759447,
    -0.0014154702680945444,
    -0.0025677721276748345,
    -0.0030144212104585,
    -0.001006654693445655,
    -0.0026690767658461554,
    -0.006201791905366608,
    0.0023693334272284036,
    0.006103259287534345,
    0.0019427400668929902
  ],
  "ICL-FTZS SimAM": [
    6.029381984262727e-05,
    0.059797920286655426,
    0.1041005402803421,
    0.1989050656557083,
    0.2224782109260559,
    0.2342194765806198,
    0.2640295922756195,
    0.23870427906513214,
    0.17546683549880981,
    0.44023460149765015,
    0.5074565410614014,
    0.6124208569526672,
    0.6969634890556335,
    0.7232929468154907,
    0.88126540184021,
    0.6552614569664001,
    0.6355389356613159,
    0.7425130009651184,
    0.5016548037528992,
    0.3677631616592407,
    -0.07924852520227432,
    -0.23812037706375122,
    -0.05983038246631622,
    -0.015179973095655441
  ]
}