{
  "SimAOU": [
    0.2317977100610733,
    -0.1487370729446411,
    0.004381436388939619,
    0.2876773178577423,
    0.1546565741300583,
    0.025459516793489456,
    0.21208596229553223,
    0.21157482266426086,
    0.03970389440655708,
    0.13149985671043396,
    0.08931225538253784,
    0.14321282505989075,
    0.20076607167720795,
    0.19143995642662048,
    0.1862999051809311,
    0.16832032799720764,
    0.1451340913772583,
    0.08565305918455124,
    0.112354576587677,
    -0.09513840824365616,
    0.14000269770622253,
    -0.05075845494866371,
    -0.26174411177635193,
    0.40479642152786255
  ],
  "Random SimAOU": [
    -0.009450924208762757,
    0.006060444954942754,
    0.020182207101906054,
    0.015571569092452487,
    0.00400182421134042,
    0.006882877257316081,
    0.013982740689099792,
    -0.005210665009257507,
    -0.0012800900866279574,
    -0.005727153912136615,
    -0.007068114461135673,
    -0.0016149237753425474,
    -0.0014638609448155962,
    0.003812318640910593,
    0.005124358662063206,
    -0.002204072215305106,
    -0.0012648860440981624,
    -0.0007586490184907229,
    -0.0014985499682703743,
    -0.006390626854976957,
    -0.005306203651253905,
    -0.0018122289064950539,
    0.008215193879748417,
    0.010984184335804992
  ],
  "ICL-FTZS SimAM": [
    0.012498728930950165,
    -0.11358962208032608,
    -0.41556549072265625,
    -0.24819041788578033,
    -0.027877872809767723,
    0.1745968908071518,
    0.009432956576347351,
    0.0018269277643412352,
    0.06346520036458969,
    0.4210134446620941,
    0.3333832025527954,
    0.34052398800849915,
    0.41432780027389526,
    0.6143763065338135,
    0.5853630304336548,
    0.5044334530830383,
    0.6749289035797119,
    0.8053373694419861,
    0.6266725659370422,
    0.31653690338134766,
    -0.19181333482265472,
    -0.3284636437892914,
    -0.23620924353599548,
    -0.22612297534942627
  ]
}