{
  "SimAOU": [
    -0.062386345118284225,
    -0.13004924356937408,
    -0.048493437469005585,
    0.36756378412246704,
    0.13657833635807037,
    0.05946381762623787,
    0.22144971787929535,
    0.18861791491508484,
    0.036885201930999756,
    0.18199671804904938,
    0.1351700723171234,
    0.1512531191110611,
    0.23287589848041534,
    0.20497825741767883,
    0.24083709716796875,
    0.180005744099617,
    0.19866405427455902,
    0.09630429744720459,
    0.121306411921978,
    -0.0905667394399643,
    0.16342130303382874,
    -0.07739431411027908,
    -0.25362488627433777,
    0.3761727511882782
  ],
  "Random SimAOU": [
    -0.01168728595816984,
    0.008411571150280869,
    0.019557962451688525,
    0.015075724377007393,
    0.0050547302021242664,
    0.009028277339057006,
    0.01290272214381151,
    -0.005532396258669627,
    -0.001459453952125737,
    -0.007013904925535172,
    -0.0059107525978899355,
    -0.0021332359424422083,
    -0.002788278997091215,
    0.005227562737423886,
    0.003540258242499604,
    -0.0022436474623955018,
    -8.933484736735706e-05,
    -0.0023722082186150534,
    -0.002609782883033582,
    -0.007918968271386113,
    -0.0049661232218300684,
    -0.00034757503242076695,
    0.0079390279715076,
    0.009078811344459195
  ],
  "ICL-FTZS SimAM": [
    0.00936806108802557,
    -0.1675877720117569,
    -0.3187938630580902,
    -0.2267449051141739,
    0.008437052369117737,
    0.13287246227264404,
    -0.02748311124742031,
    -0.004204628989100456,
    0.07558286190032959,
    0.4092118740081787,
    0.23918947577476501,
    0.26115062832832336,
    0.3203333616256714,
    0.4434088170528412,
    0.4417652189731598,
    0.3905482590198517,
    0.5736917853355408,
    0.7612203359603882,
    0.6164678335189819,
    0.35770079493522644,
    -0.06309466063976288,
    -0.23835435509681702,
    -0.20884476602077484,
    -0.20397867262363434
  ]
}