{
  "SimAOU": [
    0.48314863443374634,
    -0.11286570131778717,
    -0.005150583107024431,
    -0.07711365818977356,
    -0.011127646081149578,
    0.06646128743886948,
    0.28390803933143616,
    0.25697118043899536,
    0.16839109361171722,
    0.22528822720050812,
    0.26181215047836304,
    0.29026782512664795,
    0.2787209749221802,
    0.29669392108917236,
    0.39083465933799744,
    0.3295176327228546,
    0.308771550655365,
    0.13058142364025116,
    0.23559974133968353,
    0.2014050930738449,
    0.2370297759771347,
    0.02735564298927784,
    0.15155453979969025,
    -0.007316996343433857
  ],
  "Random SimAOU": [
    -0.00019093313725792842,
    -0.0005078976115581572,
    0.02074697400939171,
    0.019858233894081503,
    0.00881133927310913,
    0.0040307128949818635,
    0.010645707114538628,
    -0.004653938500367969,
    0.0014002791843141038,
    -0.004531894615496824,
    -0.009883680488609912,
    0.0040681553756221475,
    0.0026570000189002087,
    0.001708976965301608,
    0.002418202964896124,
    -0.0026682257259405644,
    -0.004487949512611159,
    -0.001390705468842317,
    0.0026354132470565073,
    -0.006222554099722285,
    -0.00018612426021554084,
    0.0070077455703475375,
    0.006722099465382332,
    0.0025141454891047504
  ],
  "ICL-FTZS SimAM": [
    0.021883400157094002,
    -0.49158042669296265,
    -0.3596975803375244,
    -0.195674866437912,
    0.13335812091827393,
    0.3256385028362274,
    0.1728213131427765,
    0.2525606155395508,
    0.45677539706230164,
    0.4919022023677826,
    0.43205615878105164,
    0.6094768643379211,
    0.7297617793083191,
    0.5225663781166077,
    0.6770084500312805,
    0.5460957288742065,
    0.6910441517829895,
    0.8380209803581238,
    0.6283796429634094,
    0.42486950755119324,
    0.22642411291599274,
    -0.04800334945321083,
    0.023623161017894745,
    0.02841789275407791
  ]
}