{
  "SimAOU": [
    0.13715645670890808,
    0.20860791206359863,
    0.2640792429447174,
    0.3524591326713562,
    0.6075979471206665,
    0.2603795826435089,
    0.4603535234928131,
    0.3048253059387207,
    0.28680139780044556,
    0.3558942377567291,
    0.36362025141716003,
    0.3477337062358856,
    0.3798726797103882,
    0.3952735662460327,
    0.44066211581230164,
    0.3739340305328369,
    0.3337303698062897,
    0.2910294234752655,
    0.2594461739063263,
    0.1419670730829239,
    0.22497494518756866,
    0.09157293289899826,
    0.11585145443677902,
    0.5447359681129456
  ],
  "Random SimAOU": [
    -0.004099052514231256,
    0.00493762061810473,
    0.019326159826207077,
    0.020046614359444603,
    0.014506560834986594,
    0.005456833828891532,
    0.007015535583708526,
    -0.0008014042567676541,
    0.0005303158708873089,
    -0.003589085476768198,
    0.006483090771453197,
    0.0026320198253331826,
    0.00014709366362660812,
    0.0016542859570020977,
    -0.0037908291880114726,
    -0.0028498621243135255,
    -0.0008491965266356974,
    -0.005064789312991545,
    -0.004042079723884585,
    -0.0036146138312853023,
    -4.9817631015360086e-06,
    0.006285091672289417,
    -0.005541021111316656,
    -0.005992628478254476
  ],
  "ICL-FTZS SimAM": [
    0.008289359509944916,
    -0.5947936177253723,
    0.1708005666732788,
    -0.031022150069475174,
    -0.35587847232818604,
    0.36693456768989563,
    0.2670597434043884,
    0.7851330637931824,
    0.747001588344574,
    0.5807672142982483,
    0.4530884623527527,
    0.6727553606033325,
    0.7719597220420837,
    0.8327734470367432,
    0.78315269947052,
    0.6095032095909119,
    0.8446258306503296,
    0.8741790056228638,
    0.8048194646835327,
    0.6137099862098694,
    0.5727463364601135,
    0.477058470249176,
    0.3854548931121826,
    0.3738573491573334
  ]
}