{
  "SimAOU": [
    -0.021343059837818146,
    0.15804192423820496,
    0.42729708552360535,
    0.2737109363079071,
    -0.22630919516086578,
    0.22146593034267426,
    0.41766950488090515,
    0.257829487323761,
    0.21055392920970917,
    0.3991261124610901,
    0.3663080036640167,
    0.2847153842449188,
    0.3583084046840668,
    0.4459598958492279,
    0.3758954405784607,
    0.3283936679363251,
    0.2812517583370209,
    0.3118869364261627,
    0.31359803676605225,
    0.2181517332792282,
    0.18971706926822662,
    0.1330704689025879,
    0.2427656054496765,
    0.40773385763168335
  ],
  "Random SimAOU": [
    -0.0037785142548911656,
    0.005631434122023026,
    0.019313117515768224,
    0.01884825301255093,
    0.015273978531934103,
    0.005894695447751771,
    0.003937723828157982,
    -0.0010125136623092815,
    -0.004682916661118144,
    -0.004432658458438485,
    0.0005225184810132692,
    -0.0008950882168388327,
    -0.0008272311276470584,
    0.0031896577433234274,
    -0.003664243970438791,
    -0.004081205225456862,
    0.00015716885995759554,
    -0.006639983767263358,
    -0.004973949746668369,
    -0.0066620002522583145,
    -0.00018920484297165168,
    0.006402285382528554,
    -0.014976597373923244,
    -0.010212166656138874
  ],
  "ICL-FTZS SimAM": [
    -0.01992863044142723,
    -0.6059979200363159,
    0.3003019690513611,
    0.47083479166030884,
    0.6977612972259521,
    0.6825624704360962,
    0.5523930788040161,
    0.4887092411518097,
    0.7348315715789795,
    0.5224907994270325,
    0.550797164440155,
    0.5303273797035217,
    0.6335174441337585,
    0.6221287846565247,
    0.7258371114730835,
    0.6127241253852844,
    0.8092805743217468,
    0.805269181728363,
    0.7578631639480591,
    0.6528708934783936,
    0.6341739296913147,
    0.27421918511390686,
    0.12662485241889954,
    0.31823796033859253
  ]
}