{
  "SimAOU": [
    0.6695565581321716,
    0.015289987437427044,
    0.343104749917984,
    0.11846359074115753,
    0.36917346715927124,
    0.11241607367992401,
    0.4794963002204895,
    0.19921892881393433,
    0.30623599886894226,
    0.28256747126579285,
    0.36262938380241394,
    0.30115440487861633,
    0.44575023651123047,
    0.4085952639579773,
    0.40996959805488586,
    0.39430537819862366,
    0.43165069818496704,
    0.3191072940826416,
    0.2659805715084076,
    0.37845179438591003,
    0.26702654361724854,
    0.14645342528820038,
    0.1329498440027237,
    0.552168071269989
  ],
  "Random SimAOU": [
    -0.0035727403660821104,
    0.005327493298798874,
    0.019659909285892944,
    0.01945290358540571,
    0.014784285740004805,
    0.005805986121812171,
    0.006783113848790439,
    -0.0006666831389682799,
    0.00028680075210775675,
    -0.0033555897889306417,
    0.006698677712048607,
    0.002583334268524827,
    9.860140729352515e-05,
    0.0021239301493907446,
    -0.003207277104507712,
    -0.002795601118683103,
    -0.0012091349675284972,
    -0.005115298614581533,
    -0.004213042270981242,
    -0.003986694818923068,
    -0.0002605256443395179,
    0.006399516284376744,
    -0.005718302936920022,
    -0.006000979187443916
  ],
  "ICL-FTZS SimAM": [
    0.0007202096749097109,
    -0.12129155546426773,
    -0.00899017509073019,
    0.5538504123687744,
    0.7703877091407776,
    0.7505273222923279,
    0.6840357780456543,
    0.4856356382369995,
    0.5895421504974365,
    0.21464312076568604,
    0.38288140296936035,
    0.7288669347763062,
    0.5075176358222961,
    0.6264243125915527,
    0.47871387004852295,
    0.4539860188961029,
    0.6749096512794495,
    0.8413350582122803,
    0.7319055199623108,
    0.6174703240394592,
    0.37966352701187134,
    0.040629226714372635,
    -0.09075727313756943,
    0.02219042181968689
  ]
}