{
  "SimAOU": [
    0.6779276728630066,
    -0.005166689865291119,
    0.35586559772491455,
    0.10695942491292953,
    0.31911954283714294,
    0.07706274092197418,
    0.500150740146637,
    0.21203671395778656,
    0.2804771065711975,
    0.313249796628952,
    0.3280048966407776,
    0.26503056287765503,
    0.4637688100337982,
    0.40130817890167236,
    0.384408563375473,
    0.39062240719795227,
    0.4007249176502228,
    0.3145333230495453,
    0.3200877010822296,
    0.513543963432312,
    0.18824520707130432,
    0.20919615030288696,
    0.1395695060491562,
    0.6390812993049622
  ],
  "Random SimAOU": [
    -0.004560959746298209,
    0.006338934350156968,
    0.01943056686215007,
    0.019426731995716495,
    0.01385083655022277,
    0.00788639651666926,
    0.006705820870857866,
    -0.0015398989823059055,
    -0.003922409568572227,
    -0.0036574532024963003,
    0.006722771531349945,
    0.00019975012882130083,
    -0.0008897813716970742,
    0.0027850738672904134,
    -0.0031400363798843316,
    -0.002933923339419761,
    -0.001028522337453192,
    -0.005238207941508346,
    -0.0035712657644356148,
    -0.006485968319979348,
    0.0020914380916768117,
    0.004803112592142072,
    -0.009617956256309276,
    -0.01068966423134397
  ],
  "ICL-FTZS SimAM": [
    0.005543012171983719,
    -0.12199439853429794,
    -0.043761275708675385,
    0.5464180707931519,
    0.7736462354660034,
    0.7462459802627563,
    0.663661003112793,
    0.46923911571502686,
    0.5902934074401855,
    0.21588234603405,
    0.4167003035545349,
    0.773890495300293,
    0.5491706728935242,
    0.7005059123039246,
    0.5762705206871033,
    0.5561191439628601,
    0.7674184441566467,
    0.851064920425415,
    0.746955156326294,
    0.6734995245933533,
    0.3891112804412842,
    0.020379893481731415,
    -0.11104250699281693,
    0.009965444914996624
  ]
}