{
  "SimAOU": [
    0.6837261915206909,
    0.08672990649938583,
    0.5085391402244568,
    0.14519700407981873,
    0.5358557105064392,
    0.23143033683300018,
    0.44006094336509705,
    0.21540416777133942,
    0.3054487407207489,
    0.2408333122730255,
    0.2913619577884674,
    0.3213036358356476,
    0.42120757699012756,
    0.33785387873649597,
    0.385043203830719,
    0.4359613358974457,
    0.367224782705307,
    0.4446534812450409,
    0.4489005506038666,
    0.5610736012458801,
    0.19339115917682648,
    0.04547688737511635,
    0.1421162635087967,
    0.4189021587371826
  ],
  "Random SimAOU": [
    -0.0024623453783601504,
    0.011935305656748055,
    0.020105358826256792,
    0.019250074934971582,
    0.011811556708793497,
    0.00887174630434572,
    0.0032941596483997233,
    -0.0026733680979811637,
    -0.003717365521503593,
    0.010349742569872556,
    0.003926467092565169,
    0.00022995215908259712,
    -0.00028072035867367185,
    -0.00242060835571252,
    -0.005610906801567113,
    0.002441444435063823,
    -0.0006273147489176412,
    -3.5103377694348046e-05,
    0.005108309686484858,
    -0.002212161044022214,
    0.007400358115261486,
    0.0004652917108525885,
    0.0004923197285894987,
    0.002614010714095665
  ],
  "ICL-FTZS SimAM": [
    0.1376701146364212,
    -0.046930763870477676,
    -0.059045206755399704,
    0.38138601183891296,
    0.7392749786376953,
    0.6770339608192444,
    0.6633731126785278,
    0.4181826114654541,
    0.5107241868972778,
    0.20599675178527832,
    0.3634682595729828,
    0.6178416609764099,
    0.46847647428512573,
    0.45232102274894714,
    0.4093013405799866,
    0.12502159178256989,
    0.3985971510410309,
    0.5837384462356567,
    0.7587689757347107,
    0.6669079661369324,
    0.4507303237915039,
    0.21084918081760406,
    0.02378399856388569,
    0.16468891501426697
  ]
}