{
  "SimAOU": [
    0.5629510879516602,
    0.16654008626937866,
    0.02788686193525791,
    0.007581213489174843,
    0.10071457177400589,
    0.1126941442489624,
    0.13827939331531525,
    0.11937583982944489,
    0.10357450693845749,
    0.17196981608867645,
    0.20212630927562714,
    0.28152996301651,
    0.32430246472358704,
    0.3899937570095062,
    0.42887455224990845,
    0.36824941635131836,
    0.3068009912967682,
    0.22900304198265076,
    0.31606221199035645,
    0.15130257606506348,
    0.28638410568237305,
    0.2471172958612442,
    0.1354714184999466,
    0.15719570219516754
  ],
  "Random SimAOU": [
    0.0012441482272873392,
    0.0012642331046552493,
    0.019713562087676034,
    0.01044680680044172,
    0.004015437214625156,
    0.0036515310726252834,
    0.012545118570427801,
    -0.0023377840901667494,
    -0.001242794578246628,
    -0.003830440956110407,
    -0.010434834488658945,
    0.00048238007128419266,
    -0.005034329890239401,
    0.0025533013302444832,
    0.0029770170609186297,
    0.0001347420923263372,
    -0.005220129079590186,
    -0.0014965272647217576,
    -0.005553655146871631,
    -0.009204207879516988,
    -0.0019335094151345302,
    0.00030135599179115816,
    0.0038245042069142655,
    0.0022062844460253904
  ],
  "ICL-FTZS SimAM": [
    0.020115023478865623,
    -0.372915655374527,
    -0.6004311442375183,
    -0.10701645165681839,
    -0.011149262078106403,
    0.17091123759746552,
    0.11172913014888763,
    0.058797888457775116,
    -0.11071020364761353,
    -0.09813904762268066,
    0.18634462356567383,
    0.1349416822195053,
    0.5771456360816956,
    0.7073943614959717,
    0.7114114165306091,
    0.5495207905769348,
    0.6398008465766907,
    0.6720415353775024,
    0.42467328906059265,
    0.31959250569343567,
    0.034611545503139496,
    0.13257454335689545,
    -0.0006857055705040693,
    -0.001044203178025782
  ]
}