{
  "SimAOU": [
    0.6447194218635559,
    0.15436851978302002,
    -0.008321953937411308,
    -0.10765289515256882,
    0.04568657651543617,
    0.007670043036341667,
    0.1460677832365036,
    0.11667226254940033,
    0.1853095442056656,
    0.2116539180278778,
    0.22410747408866882,
    0.2721251845359802,
    0.3235163986682892,
    0.4100288450717926,
    0.4531657099723816,
    0.3920572102069855,
    0.3399313986301422,
    0.23562675714492798,
    0.3862400949001312,
    0.11311385035514832,
    0.2957491874694824,
    0.22001290321350098,
    0.11725670844316483,
    0.07754164189100266
  ],
  "Random SimAOU": [
    -0.0017595028397486385,
    0.0004744727420577784,
    0.020080716226961993,
    0.011310729201204213,
    0.005849686246353196,
    0.004529838427587371,
    0.013477084441151007,
    -0.002768615295801099,
    -0.0009322913147423677,
    -0.004843481512109023,
    -0.00932153637005971,
    -0.000369723541825657,
    -0.00601716328366723,
    0.0030206494683250036,
    0.0028636510901703517,
    0.0016517130283935856,
    -0.004239658516296353,
    -0.0019299923442788137,
    -0.005311491897961915,
    -0.009044816889499246,
    -0.0020646735497049425,
    0.002778487253008106,
    0.00642908664601031,
    0.0010792418217638233
  ],
  "ICL-FTZS SimAM": [
    -0.00978530291467905,
    -0.16678349673748016,
    -0.476406991481781,
    -0.05417469143867493,
    -0.10175745189189911,
    -0.06732483953237534,
    -0.1283428817987442,
    -0.27869635820388794,
    -0.30598554015159607,
    -0.11765512079000473,
    -0.06893686950206757,
    -0.20930057764053345,
    0.2707749903202057,
    0.6555469632148743,
    0.5745164155960083,
    0.4932232201099396,
    0.568885326385498,
    0.6278256177902222,
    0.40923017263412476,
    0.2746051549911499,
    0.00466358195990324,
    0.0677018016576767,
    -0.08562206476926804,
    -0.018473323434591293
  ]
}