{
  "SimAOU": [
    0.6460913419723511,
    0.09109680354595184,
    -0.036552563309669495,
    -0.05839952453970909,
    0.04493781551718712,
    0.007355430629104376,
    0.08678114414215088,
    0.12898975610733032,
    0.18037089705467224,
    0.2503146231174469,
    0.2044782042503357,
    0.2741454243659973,
    0.29507976770401,
    0.355280339717865,
    0.3798501193523407,
    0.3443900942802429,
    0.27386438846588135,
    0.1450205296278,
    0.27429965138435364,
    0.04407968372106552,
    0.27581751346588135,
    0.23332853615283966,
    0.09519707411527634,
    0.40053853392601013
  ],
  "Random SimAOU": [
    -0.0005299870670369063,
    0.00356337513814347,
    0.02048787042180514,
    0.010828485173368948,
    0.005790154013432279,
    0.00578213593929253,
    0.013911493474305285,
    -0.002235123335305045,
    -0.00079408439768541,
    -0.004519732619043593,
    -0.008193362141756845,
    -0.0016992675315548077,
    -0.00561929858339351,
    0.0010854444817139316,
    0.002376167965053942,
    -0.000684041864944749,
    -0.0042500454870911825,
    0.0009274241273250579,
    -0.005809997274854249,
    -0.008815993621244507,
    -0.0007895986147404182,
    0.004259939168643527,
    0.00793609169849019,
    0.001187789283381062
  ],
  "ICL-FTZS SimAM": [
    0.0051461136899888515,
    -0.4428648054599762,
    -0.6515504717826843,
    -0.06121151149272919,
    -0.09843682497739792,
    0.05881517380475998,
    0.04467413201928139,
    0.022547906264662743,
    -0.08973690867424011,
    0.23226919770240784,
    0.5151534676551819,
    0.49927306175231934,
    0.6154252886772156,
    0.6236618757247925,
    0.6528014540672302,
    0.5234385132789612,
    0.6219125986099243,
    0.675479531288147,
    0.3757639229297638,
    0.26397427916526794,
    -0.043278321623802185,
    -0.06964998692274094,
    -0.18982437252998352,
    -0.10746051371097565
  ]
}