{
  "SimAOU": [
    0.4356689155101776,
    -0.19842401146888733,
    -0.04229814559221268,
    0.11188648641109467,
    0.16507147252559662,
    0.19910791516304016,
    0.3305535912513733,
    0.30302512645721436,
    0.2384263426065445,
    0.29035723209381104,
    0.29230794310569763,
    0.18534107506275177,
    0.1878000944852829,
    0.19927123188972473,
    0.1969272345304489,
    0.16236050426959991,
    0.14153669774532318,
    0.16301101446151733,
    0.18087589740753174,
    0.3427356779575348,
    0.2231075018644333,
    0.6558037400245667,
    0.5797192454338074,
    0.16778527200222015
  ],
  "Random SimAOU": [
    -0.011370370855232063,
    0.008961544539179652,
    0.02089286828338061,
    0.01470141417469539,
    0.005367470790129685,
    0.009612814109953655,
    0.012788384793945031,
    -0.004863154415186726,
    -0.002079151951229436,
    -0.008212649906910757,
    -0.0064822007385814855,
    -0.001349549201100146,
    -0.0036830052274526614,
    0.004944035416862752,
    0.0038763123551810476,
    -0.0027793428440498506,
    -0.0008789429391951305,
    -0.0011773094629529512,
    -0.002712028574595817,
    -0.006731920883907039,
    -0.005289827976788584,
    0.0001900719455804215,
    0.008177488627895801,
    0.0094535995536386
  ],
  "ICL-FTZS SimAM": [
    -0.05624821037054062,
    0.5456146001815796,
    0.6608111262321472,
    0.5977756381034851,
    0.33095642924308777,
    0.3105340600013733,
    0.3319784700870514,
    0.26978424191474915,
    0.23819659650325775,
    0.34991341829299927,
    0.12588703632354736,
    0.39155009388923645,
    0.13114143908023834,
    0.2576747536659241,
    0.33992108702659607,
    0.34402233362197876,
    0.41273632645606995,
    0.4942567050457001,
    0.46568530797958374,
    0.4075402021408081,
    0.0661073699593544,
    -0.08358033001422882,
    -0.15387342870235443,
    0.12482874095439911
  ]
}