{
  "SimAOU": [
    0.4379584491252899,
    -0.24751746654510498,
    -0.029912536963820457,
    0.1047094538807869,
    0.21518577635288239,
    0.21752497553825378,
    0.3844148814678192,
    0.3076605796813965,
    0.23418393731117249,
    0.2755414843559265,
    0.281217485666275,
    0.2025887668132782,
    0.202254980802536,
    0.19357649981975555,
    0.18615049123764038,
    0.15850107371807098,
    0.15581494569778442,
    0.18376892805099487,
    0.14950218796730042,
    0.32294249534606934,
    0.18884721398353577,
    0.6158412098884583,
    0.5863702893257141,
    0.14904600381851196
  ],
  "Random SimAOU": [
    -0.010046945529453864,
    0.005357526851512094,
    0.019302326196333066,
    0.015317957779165475,
    0.0044202782823041,
    0.007562346657844868,
    0.014165398156404859,
    -0.004756076802299773,
    2.21845663581768e-06,
    -0.006153523843551865,
    -0.007187922174049819,
    -0.0010853140615911948,
    -0.0019745432104866525,
    0.0026489700318740677,
    0.005470166885938857,
    -0.002177252470306058,
    -0.0015389024630244347,
    -0.0011734567848967895,
    -0.002140290899000391,
    -0.006805485599510984,
    -0.00603172086830225,
    -0.0023517825785081083,
    0.008742664265753408,
    0.011385407633911881
  ],
  "ICL-FTZS SimAM": [
    -0.046186815947294235,
    0.4495703876018524,
    0.637451708316803,
    0.6369633078575134,
    0.3940429091453552,
    0.4035004675388336,
    0.40455392003059387,
    0.3370226323604584,
    0.3846193253993988,
    0.47069627046585083,
    0.20828856527805328,
    0.43362194299697876,
    0.28654739260673523,
    0.332452654838562,
    0.3725293278694153,
    0.38425302505493164,
    0.5108533501625061,
    0.5313291549682617,
    0.46065202355384827,
    0.36159881949424744,
    -0.02580372989177704,
    -0.13204267621040344,
    -0.20308122038841248,
    0.09587408602237701
  ]
}