{
  "SimAOU": [
    -0.025113098323345184,
    -0.14855358004570007,
    0.17224878072738647,
    0.24451102316379547,
    0.18698294460773468,
    -0.0779324471950531,
    0.09050369262695312,
    0.18052378296852112,
    0.08684785664081573,
    0.06102084740996361,
    0.1406264454126358,
    0.17563791573047638,
    0.20233745872974396,
    0.13411346077919006,
    0.16311493515968323,
    0.10907752066850662,
    0.14695119857788086,
    0.06667589396238327,
    0.0879429429769516,
    -0.17326536774635315,
    0.1645359843969345,
    0.024000253528356552,
    0.169784814119339,
    0.3693333566188812
  ],
  "Random SimAOU": [
    0.0001943279418843804,
    0.00808573891104448,
    0.02039016443753127,
    0.018795645850009132,
    0.005369847316915863,
    0.007232259209639552,
    0.008165538884492066,
    0.0024815655571108768,
    -0.000627078377856397,
    -0.008187222437652212,
    -0.010209973754088306,
    0.004885085709829121,
    -0.0012092003055317613,
    0.0028549694817352235,
    0.0030095936971637005,
    -0.0027548004651779955,
    -0.0036922703904197812,
    -0.005139976853320858,
    -0.0009418063585960395,
    -0.0031404833824712135,
    -0.0035704545289111543,
    0.002372294392037647,
    0.0021906063326543454,
    -5.875056572500006e-05
  ],
  "ICL-FTZS SimAM": [
    0.0034049765672534704,
    0.08219166845083237,
    0.109064981341362,
    0.17490175366401672,
    0.22259007394313812,
    0.1950664073228836,
    0.243387833237648,
    0.18112415075302124,
    0.23251622915267944,
    0.39874735474586487,
    0.42508015036582947,
    0.5670840740203857,
    0.6650984883308411,
    0.6524372100830078,
    0.8514719009399414,
    0.5588751435279846,
    0.5915024280548096,
    0.7098366022109985,
    0.40520086884498596,
    0.31358903646469116,
    -0.11501900851726532,
    -0.22754085063934326,
    -0.11086736619472504,
    -0.04174214228987694
  ]
}