{
  "SimAOU": [
    0.08958233892917633,
    -0.007069512736052275,
    -0.06367384642362595,
    -0.1445450484752655,
    0.016470659524202347,
    0.024258077144622803,
    0.29030823707580566,
    0.2772427797317505,
    0.15747787058353424,
    0.18193285167217255,
    0.2572106122970581,
    0.2792201042175293,
    0.241106778383255,
    0.26598259806632996,
    0.3423041105270386,
    0.30217888951301575,
    0.30711689591407776,
    0.16182143986225128,
    0.17826619744300842,
    0.09413069486618042,
    0.2280702143907547,
    0.04609289392828941,
    0.1977248638868332,
    0.05185392126441002
  ],
  "Random SimAOU": [
    -0.0014600856436724151,
    0.0035164471360107285,
    0.02078141189608198,
    0.02049730864612356,
    0.008281553460760193,
    0.0040766656605901105,
    0.009215739292011301,
    -0.0037962295680141873,
    0.002287322069067342,
    -0.005461272187410852,
    -0.009466561419518224,
    0.004142358311842215,
    0.003993769607868104,
    0.001892472699636514,
    0.0026391326722164593,
    -0.0012401965839483804,
    -0.004691709819618652,
    -0.001092747235908542,
    0.0007645087037239582,
    -0.0045374922728775805,
    -0.0004847071539369942,
    0.007337348436210036,
    0.0028204481101860596,
    0.003138425792972601
  ],
  "ICL-FTZS SimAM": [
    0.011901679448783398,
    -0.48525628447532654,
    -0.6277043223381042,
    -0.27856725454330444,
    0.1295517534017563,
    0.3837791979312897,
    0.21928061544895172,
    0.1891879439353943,
    0.2813055217266083,
    0.13802503049373627,
    0.13205045461654663,
    0.33876463770866394,
    0.48030364513397217,
    0.2171831876039505,
    0.2792713940143585,
    0.3833443224430084,
    0.5173073410987854,
    0.6631036996841431,
    0.44401654601097107,
    0.3326408863067627,
    0.13530752062797546,
    0.015220040455460548,
    0.1503080427646637,
    0.21829676628112793
  ]
}