{
  "SimAOU": [
    0.45964235067367554,
    -0.041973814368247986,
    0.2857881486415863,
    0.19188937544822693,
    0.5537567138671875,
    0.42887163162231445,
    0.31117701530456543,
    0.2742618918418884,
    0.4131709635257721,
    0.4164735674858093,
    0.4551306664943695,
    0.44438183307647705,
    0.4419289529323578,
    0.4314548373222351,
    0.40628209710121155,
    0.41747912764549255,
    0.2556746006011963,
    0.4428701400756836,
    0.4614447057247162,
    0.5103479027748108,
    0.3022060990333557,
    0.08076617866754532,
    0.13890190422534943,
    0.17203733325004578
  ],
  "Random SimAOU": [
    -0.0012457293355655973,
    -0.0002215314587823263,
    0.022058495798531485,
    0.019668591849168027,
    0.008210415420141306,
    0.004136110177386644,
    0.008909885217407812,
    -0.005596296143848209,
    0.0028225562569245593,
    -0.0022025260515497794,
    -0.010075876663840116,
    0.003957200364582614,
    0.0009133276924175422,
    0.0006842706506720247,
    0.0020649585037133566,
    -0.0016479629500587324,
    -0.004470329337370927,
    -0.0016481856250832342,
    0.003062506218578899,
    -0.009454918906349431,
    -0.001148891328525487,
    0.007159861055696991,
    0.006516203433603248,
    -0.0003779536776057295
  ],
  "ICL-FTZS SimAM": [
    0.027373867109417915,
    0.12375187873840332,
    0.3135855793952942,
    0.5208367705345154,
    0.5967546701431274,
    0.7769545912742615,
    0.6090747714042664,
    0.46373021602630615,
    0.41256433725357056,
    0.048750463873147964,
    0.40347588062286377,
    0.42870718240737915,
    0.474212110042572,
    0.4437263309955597,
    0.5359082221984863,
    0.23131054639816284,
    0.4465671181678772,
    0.5376821756362915,
    0.5847623348236084,
    0.5331823825836182,
    0.2053179144859314,
    -0.2322002798318863,
    -0.35479170083999634,
    -0.24523329734802246
  ]
}